x,94,131,171,193,211,335
5.013422819,2.3054054264329812e-30,5.4558140229678726e-30,1.21e-27,1.5500000000000001e-27,1.8033333335982222e-27,1.0600000000000002e-27
5.019407943611222,2.887474971240801e-30,7.442624853978588e-30,1.1845204696359816e-27,1.5381095523280606e-27,1.8092785573160804e-27,1.0399930295248113e-27
5.025393068222445,3.4695445160486206e-30,9.429435684989304e-30,1.1590409392719633e-27,1.5262191046561211e-27,1.8152237810339385e-27,1.0199860590496224e-27
5.031378192833667,4.0516140608564396e-30,1.1416246516000019e-29,1.1335614089079449e-27,1.5143286569841815e-27,1.8211690047517963e-27,9.999790885744336e-28
5.037363317444889,4.633683605664173e-30,1.3403057347010438e-29,1.1080818785439304e-27,1.5024382093122438e-27,1.8271142284696538e-27,9.799721180992476e-28
5.043348442056112,5.215753150471993e-30,1.5389868178021155e-29,1.0826023481799119e-27,1.4905477616403043e-27,1.8330594521875116e-27,9.599651476240587e-28
5.049333566667334,5.7978226952798126e-30,1.7376679009031872e-29,1.0571228178158936e-27,1.4786573139683648e-27,1.8390046759053698e-27,9.399581771488698e-28
5.055318691278557,6.379892240087632e-30,1.9363489840042585e-29,1.0316432874518751e-27,1.4715314843778974e-27,1.844949899623228e-27,9.19951206673681e-28
5.061303815889779,6.961961784895452e-30,2.1350300671053302e-29,1.009345441047891e-27,1.4771638016667385e-27,1.858056110286981e-27,8.999442361984921e-28
5.067288940501002,7.544031329703271e-30,2.3337111502064018e-29,1.0049979961448282e-27,1.4827961189555798e-27,1.911563125190355e-27,8.799372657233032e-28
5.073274065112224,8.126100874511004e-30,2.5323922333074435e-29,1.0006505512417664e-27,1.48842843624442e-27,1.965070140093721e-27,8.599302952481173e-28
5.079259189723446,8.708170419318825e-30,2.731073316408515e-29,9.963031063387039e-28,1.494060753533261e-27,2.0185771549970947e-27,8.399233247729284e-28
5.085244314334669,9.290239964126644e-30,2.929754399509587e-29,9.919556614356414e-28,1.4996930708221023e-27,2.0720841699004685e-27,8.199163542977395e-28
5.091229438945891,9.872309508934463e-30,3.1284354826106585e-29,9.876082165325787e-28,1.5053253881109434e-27,2.125591184803842e-27,8.009203233194198e-28
5.097214563557114,1.0454379053742283e-29,3.32711656571173e-29,9.832607716295162e-28,1.5109577053997845e-27,2.1790981997072157e-27,7.905879343787239e-28
5.103199688168337,1.1036448598550102e-29,3.525797648812802e-29,9.789133267264536e-28,1.5165900226886256e-27,2.2326052146105895e-27,7.80255545438028e-28
5.109184812779559,1.1618518143357923e-29,3.7244787319138735e-29,9.745658818233911e-28,1.5222223399774669e-27,2.3032986067643963e-27,7.699231564973322e-28
5.115169937390781,1.2200587688165656e-29,3.9231598150149154e-29,9.780770106869037e-28,1.527854657266307e-27,2.4138797679165388e-27,7.595907675566378e-28
5.121155062002003,1.2782657232973474e-29,4.121840898115987e-29,1.017442885099312e-27,1.5870507770198983e-27,2.5244609290686975e-27,7.49258378615942e-28
5.127140186613226,1.3364726777781296e-29,4.320521981217058e-29,1.0568087595117205e-27,1.6792017441890136e-27,2.6350420902208562e-27,7.38925989675246e-28
5.133125311224449,1.3946796322589115e-29,4.51920306431813e-29,1.096174633924129e-27,1.771352711358129e-27,2.745623251373015e-27,7.285936007345502e-28
5.139110435835671,1.4528865867396934e-29,4.7178841474192015e-29,1.1355405083365374e-27,1.8635036785272444e-27,2.856204412525174e-27,7.182612117938543e-28
5.145095560446894,1.5110935412204753e-29,4.916364958930536e-29,1.1749063827489458e-27,1.9556546456963597e-27,2.9667855736773326e-27,7.079288228531585e-28
5.1510806850581154,1.5693004957012488e-29,5.11354821289236e-29,1.2142722571613483e-27,2.0478056128654617e-27,3.077366734829475e-27,6.975964339124641e-28
5.157065809669338,1.6275074501820307e-29,5.310731466854214e-29,1.2536381315737569e-27,2.139956580034577e-27,3.187947895981634e-27,6.872640449717683e-28
5.163050934280561,1.6857144046628126e-29,5.507914720816066e-29,1.3339563257813101e-27,2.4065387907676578e-27,3.380106882209791e-27,6.7693165603107235e-28
5.169036058891783,1.7439213591435945e-29,5.70509797477792e-29,1.497293527157701e-27,2.694457483881071e-27,3.582244492632767e-27,6.665992670903765e-28
5.175021183503006,1.8021283136243766e-29,5.902281228739773e-29,1.6606307285340917e-27,2.9823761769944844e-27,3.784382103055743e-27,6.562668781496806e-28
5.181006308114228,1.8603352681051585e-29,6.099464482701627e-29,1.8239679299104825e-27,3.270294870107898e-27,3.986519713478719e-27,6.459344892089847e-28
5.186991432725451,1.9185422225859404e-29,6.296647736663479e-29,1.9873051312868732e-27,3.704778960422447e-27,4.188657323901696e-27,6.356021002682888e-28
5.192976557336673,1.976749177066714e-29,6.493830990625304e-29,2.15064233266324e-27,4.144375800097727e-27,4.390794934324642e-27,6.290268534323001e-28
5.198961681947895,2.0349561315474958e-29,6.691014244587157e-29,2.3139795340396307e-27,4.583972639773072e-27,4.606686724273526e-27,6.231410818931552e-28
5.204946806559118,2.0931630860282777e-29,6.897400117811193e-29,2.4773167354160215e-27,5.023569479448417e-27,4.8932465074742865e-27,6.1725531035401035e-28
5.21093193117034,2.1513700405090596e-29,7.315943875863475e-29,2.6406539367924123e-27,5.463166319123763e-27,5.179806290675047e-27,6.113695388148655e-28
5.216917055781563,2.2095769949898415e-29,7.734487633915755e-29,2.803991138168803e-27,5.9027631587991085e-27,5.4663660738758075e-27,6.054837672757207e-28
5.2229021803927855,2.2677839494706237e-29,8.153031391968035e-29,2.967328339545194e-27,6.342359998474454e-27,5.752925857076569e-27,5.995979957365759e-28
5.228887305004008,2.3259909039514056e-29,8.571575150020315e-29,3.37787728995936e-27,6.7819568381498e-27,6.039485640277329e-27,5.937122241974311e-28
5.23487242961523,2.3841978584321788e-29,8.990118908072534e-29,3.906087557503619e-27,7.22155367782508e-27,6.3260454234780474e-27,5.878264526582872e-28
5.240857554226452,2.4424048129129607e-29,9.408662666124815e-29,4.4342978250479554e-27,8.070190328537126e-27,6.612605206678808e-27,5.8194068111914225e-28
5.246842678837675,2.500611767393743e-29,9.827206424177095e-29,4.962508092592293e-27,9.450473129121447e-27,6.899164989879568e-27,5.760549095799974e-28
5.2528278034488975,2.558818721874525e-29,1.0245750182229375e-28,5.4907183601366296e-27,1.083075592970577e-26,7.189305271596201e-27,5.701691380408526e-28
5.25881292806012,2.6170256763553067e-29,1.1107930187137134e-28,6.018928627680967e-27,1.2211038730290094e-26,7.480621239558723e-27,5.640313004660494e-28
5.264798052671343,2.6752326308360886e-29,1.2229029523153942e-28,6.547138895225305e-27,1.3591321530874416e-26,7.771937207521244e-27,5.577463496429248e-28
5.270783177282564,2.733439585316862e-29,1.3350128859170584e-28,7.23325763428966e-27,1.4971604331458534e-26,8.063253175483722e-27,5.514613988198012e-28
5.276768301893787,2.791646539797644e-29,1.4471228195187394e-28,8.167648647176247e-27,1.6351887132042858e-26,8.354569143446243e-27,5.451764479966766e-28
5.28275342650501,2.849853494278426e-29,1.5592327531204204e-28,9.102039660062835e-27,1.773216993262718e-26,8.645885111408763e-27,5.38891497173552e-28
5.288738551116232,2.908060448759208e-29,1.6713426867221012e-28,1.0036430672949422e-26,1.9112452733211502e-26,8.937201079371284e-27,5.326065463504274e-28
5.294723675727455,2.9662674032399897e-29,1.783452620323782e-28,1.097082168583601e-26,2.0492735533795827e-26,9.228517047333805e-27,5.263215955273029e-28
5.300708800338677,3.0244743577207716e-29,1.8955625539254628e-28,1.1905212698722598e-26,2.2096114550915725e-26,9.519833015296326e-27,5.200366447041783e-28
5.3066939249499,3.082681312201554e-29,2.1862780158214097e-28,1.2839603711609186e-26,2.412739932790972e-26,9.811148983258847e-27,5.1375169388105375e-28
5.312679049561122,3.140888266682327e-29,2.526777202228988e-28,1.3773994724495635e-26,2.6158684104903413e-26,1.0102464951221326e-26,5.074667430579301e-28
5.318664174172344,3.199095221163109e-29,2.867276388636618e-28,1.4708385737382223e-26,2.818996888189741e-26,1.0393780919183846e-26,5.011817922348055e-28
5.324649298783567,3.257302175643891e-29,3.207775575044247e-28,1.564277675026881e-26,3.022125365889141e-26,1.0708817661896196e-26,4.948968414116809e-28
5.330634423394789,3.315509130124673e-29,3.5482747614518766e-28,1.6767334822847406e-26,3.22525384358854e-26,1.10243718477019e-26,4.9292965934208905e-28
5.336619548006012,3.373716084605455e-29,3.8887739478595063e-28,1.8342819119817163e-26,3.42838232128794e-26,1.1339926033507604e-26,4.9168116234893715e-28
5.3426046726172345,3.431923039086237e-29,4.792493363092469e-28,1.9918303416786917e-26,3.631510798987339e-26,1.1655480219313309e-26,4.904326653557853e-28
5.348589797228456,3.4901299935670105e-29,6.049383611137781e-28,2.1493787713756442e-26,3.834639276686709e-26,1.1971034405118967e-26,4.8918416836263355e-28
5.354574921839679,3.5483369480477924e-29,7.306273859183279e-28,2.3069272010726196e-26,4.0377677543861084e-26,1.2286588590924672e-26,4.8793567136948165e-28
5.360560046450901,3.6065439025285743e-29,8.563164107228777e-28,2.4644756307695956e-26,4.253458912860626e-26,1.2602142776730377e-26,4.892663897611029e-28
5.366545171062124,3.664750857009356e-29,9.820054355274275e-28,2.622024060466571e-26,4.506725448272943e-26,1.2917696962536082e-26,4.983116232328637e-28
5.3725302956733465,3.722957811490138e-29,1.1076944603319773e-27,2.7795724901635464e-26,4.759991983685261e-26,1.3233251148341786e-26,5.073568567046245e-28
5.378515420284569,3.78116476597092e-29,1.2333834851365269e-27,2.9371209198605224e-26,5.0132585190975786e-26,1.354880533414749e-26,5.164020901763854e-28
5.384500544895792,3.839371720451702e-29,1.3590725099410768e-27,3.0946693495574984e-26,5.266525054509896e-26,1.3864359519953196e-26,5.254473236481462e-28
5.390485669507013,3.8975786749324754e-29,1.4847615347456082e-27,3.25221777925445e-26,5.519791589922176e-26,1.4179913705758853e-26,5.344925571199056e-28
5.396470794118236,3.9557856294132573e-29,1.6342565504385722e-27,3.409766208951426e-26,5.773058125334494e-26,1.4495467891564557e-26,5.435377905916664e-28
5.4024559187294585,4.013992583894039e-29,2.0462605581787102e-27,3.5673146386484017e-26,6.02632466074681e-26,1.4811022077370263e-26,5.525830240634272e-28
5.408441043340681,4.072199538374821e-29,2.4582645659188485e-27,3.724863068345377e-26,6.279591196159128e-26,1.4973171335983733e-26,5.680160346726725e-28
5.414426167951904,4.130406492855603e-29,2.870268573658987e-27,3.881911832339584e-26,6.4219318694317e-26,1.490628756949002e-26,5.929859744294105e-28
5.420411292563126,4.188613447336385e-29,3.282272581399125e-27,4.0388657400501125e-26,6.543214433276004e-26,1.4839403802996305e-26,6.179559141861486e-28
5.426396417174349,4.2468204018171674e-29,3.6942765891392636e-27,4.195819647760641e-26,6.664496997120307e-26,1.477252003650259e-26,6.429258539428866e-28
5.4323815417855705,4.3050273562979403e-29,4.1062805968793406e-27,4.3527735554711455e-26,6.785779560964591e-26,1.4705636270008888e-26,6.678957936996209e-28
5.438366666396793,4.363234310778722e-29,4.518284604619479e-27,4.509727463181674e-26,6.907062124808895e-26,1.4638752503515174e-26,6.92865733456359e-28
5.444351791008016,4.421441265259504e-29,4.9302886123596166e-27,4.666681370892202e-26,7.028344688653198e-26,1.457186873702146e-26,7.17835673213097e-28
5.450336915619238,4.4796482197402866e-29,5.342292620099755e-27,4.82363527860273e-26,7.149627252497501e-26,1.4504984970527746e-26,7.42805612969835e-28
5.456322040230461,4.5378551742210685e-29,5.754296627839894e-27,4.980589186313258e-26,7.270909816341804e-26,1.4438101204034032e-26,7.765082693668325e-28
5.462307164841683,4.5960621287018504e-29,6.166300635580031e-27,5.1375430940237864e-26,7.332068804892935e-26,1.4339841850103202e-26,8.17307367687881e-28
5.468292289452905,4.6542690831826233e-29,6.848196454914244e-27,5.294497001734291e-26,7.313638611184505e-26,1.4200048749470584e-26,8.581064660089236e-28
5.474277414064128,4.712476037663406e-29,7.570541146500021e-27,5.45145090944482e-26,7.295208417476071e-26,1.4060255648837945e-26,8.98905564329972e-28
5.48026253867535,4.7706829921441877e-29,8.292885838085798e-27,5.608404817155348e-26,7.276778223767638e-26,1.3920462548205303e-26,9.397046626510205e-28
5.486247663286573,4.8288899466249696e-29,9.015230529671575e-27,5.765358724865875e-26,7.258348030059205e-26,1.3780669447572665e-26,9.805037609720691e-28
5.4922327878977955,4.8870969011057515e-29,9.737575221257352e-27,5.922312632576403e-26,7.239917836350772e-26,1.3640876346940026e-26,1.0213028592931176e-27
5.498217912509018,5.059478996170754e-29,1.0459919912843128e-26,6.079266540286932e-26,7.221487642642338e-26,1.3501083246307385e-26,1.0621019576141662e-27
5.50420303712024,5.551941695763859e-29,1.1182264604428798e-26,6.236220447997437e-26,7.203057448933908e-26,1.3361290145674766e-26,1.1029010559352085e-27
5.510188161731462,6.044404395357038e-29,1.1904609296014575e-26,6.402092036828122e-26,7.184627255225474e-26,1.3221497045042128e-26,1.1484919886172367e-27
5.516173286342685,6.536867094950216e-29,1.2626953987600351e-26,6.999974759168076e-26,7.16619706151704e-26,1.3081703944409486e-26,1.197540084776777e-27
5.5221584109539075,7.029329794543394e-29,1.352450625270265e-26,7.597857481508029e-26,7.147766867808608e-26,1.2941910843776847e-26,1.2465881809363172e-27
5.52814353556513,7.521792494136573e-29,1.4441769345807313e-26,8.195740203847982e-26,7.129336674100174e-26,1.2802117743144209e-26,1.2956362770958575e-27
5.534128660176353,8.014255193729751e-29,1.5359032438911976e-26,8.793622926187935e-26,7.110906480391741e-26,1.2662324642511569e-26,1.3446843732553978e-27
5.540113784787575,8.506717893322929e-29,1.6276295532016636e-26,9.391505648527889e-26,7.092476286683307e-26,1.2522531541878929e-26,1.393732469414938e-27
5.546098909398797,8.999180592916036e-29,1.7193558625121162e-26,9.989388370867753e-26,7.074046092974877e-26,1.238273844124631e-26,1.4427805655744711e-27
5.5520840340100195,9.491643292509214e-29,1.8110821718225825e-26,1.0587271093207706e-25,7.055615899266443e-26,1.224294534061367e-26,1.4918286617340114e-27
5.558069158621242,1.0037074153536922e-28,1.9028084811330486e-26,1.118515381554766e-25,7.037185705558011e-26,1.2103152239981031e-26,1.5408767578935517e-27
5.564054283232465,1.0839679366410008e-28,1.9947615299386634e-26,1.1783036537887612e-25,7.087073735219186e-26,1.1963359139348391e-26,1.589924854053092e-27
5.570039407843687,1.1642284579283093e-28,2.0910741541679647e-26,1.2380919260227565e-25,7.180620011553138e-26,1.1823566038715751e-26,1.6389729502126322e-27
5.57602453245491,1.2444889792156178e-28,2.187386778397266e-26,1.297880198256752e-25,7.274166287887091e-26,1.1683772938083113e-26,1.68481572193782e-27
5.582009657066132,1.3247495005029263e-28,2.2836994026265673e-26,1.3576684704907473e-25,7.367712564221043e-26,1.1543979837450473e-26,1.725139848476961e-27
5.587994781677354,1.405010021790223e-28,2.3800120268558543e-26,1.4295517433977464e-25,7.461258840554983e-26,1.1517977133396694e-26,1.7654639750160957e-27
5.593979906288577,1.4852705430775314e-28,2.4763246510851556e-26,1.586317907937156e-25,7.554805116888935e-26,1.1544206061778278e-26,1.8057881015552366e-27
5.599965030899799,1.56553106436484e-28,2.5726372753144566e-26,1.7430840724765656e-25,7.648351393222888e-26,1.1570434990159861e-26,1.8461122280943775e-27
5.605950155511022,1.6457915856521487e-28,2.668949899543758e-26,1.8998502370159751e-25,7.74189766955684e-26,1.1596663918541446e-26,1.8864363546335184e-27
5.611935280122244,1.7264636994014972e-28,2.765262523773059e-26,2.0566164015553847e-25,7.835443945890794e-26,1.1622892846923029e-26,1.926760481172659e-27
5.617920404733467,1.80878218265516e-28,2.832783065356426e-26,2.2133825660947945e-25,7.928990222224747e-26,1.1649121775304613e-26,1.9670846077118e-27
5.62390552934469,1.891100665908823e-28,2.8840606206233175e-26,2.370148730634204e-25,8.022536498558699e-26,1.1675350703686198e-26,2.0074087342509408e-27
5.629890653955911,1.9734191491624736e-28,2.9353381758902017e-26,2.52691489517359e-25,8.116082774892638e-26,1.1701579632067776e-26,2.0477328607900756e-27
5.635875778567134,2.0557376324161366e-28,2.986615731157093e-26,2.6836810597129995e-25,8.209629051226591e-26,1.1727808560449361e-26,2.0880569873292165e-27
5.641860903178356,2.1380561156697997e-28,3.0378932864239843e-26,2.840447224252409e-25,8.303175327560545e-26,1.1754037488830945e-26,2.1283811138683575e-27
5.647846027789579,2.2203745989234623e-28,3.089170841690876e-26,2.9972133887918187e-25,8.396721603894497e-26,1.1780266417212528e-26,2.1687052404074984e-27
5.653831152400802,2.3026930821771254e-28,3.1404483969577675e-26,3.194865047191977e-25,8.49026788022845e-26,1.1806495345594113e-26,2.199819641199201e-27
5.659816277012023,2.3683178148489967e-28,3.1917259522246517e-26,3.438269502573039e-25,8.583814156562388e-26,1.1832724273975692e-26,2.2206279242805997e-27
5.665801401623246,2.432316400100061e-28,3.243003507491543e-26,3.681673957954137e-25,8.677360432896342e-26,1.1858953202357276e-26,2.2414362073620013e-27
5.671786526234468,2.4963149853511257e-28,3.2801788195212056e-26,3.925078413335235e-25,8.770906709230294e-26,1.188518213073886e-26,2.2622444904434032e-27
5.677771650845691,2.5603135706021903e-28,3.3103622633808824e-26,4.168482868716333e-25,8.864452985564247e-26,1.1911411059120444e-26,2.2830527735248048e-27
5.683756775456914,2.624312155853255e-28,3.3405457072405586e-26,4.411887324097432e-25,8.9579992618982e-26,1.1937639987502028e-26,2.3038610566062067e-27
5.689741900068136,2.6883107411043193e-28,3.370729151100235e-26,4.65529177947853e-25,9.051545538232153e-26,1.1963868915883611e-26,2.3246693396876083e-27
5.695727024679359,2.752309326355384e-28,3.400912594959911e-26,4.898696234859628e-25,9.145091814566105e-26,1.1990097844265196e-26,2.3454776227690102e-27
5.7017121492905805,2.816307911606439e-28,3.4310960388195834e-26,5.14210069024069e-25,9.238638090900045e-26,1.211529213346438e-26,2.366285905850409e-27
5.707697273901803,2.8803064968575035e-28,3.4612794826792596e-26,5.385505145621789e-25,9.332184367233997e-26,1.230050872078512e-26,2.3870941889318104e-27
5.713682398513026,2.936420721189988e-28,3.474073145928763e-26,5.681795609963872e-25,9.42573064356795e-26,1.248572530810586e-26,2.407902472013212e-27
5.719667523124248,2.979658712333862e-28,3.458466933456231e-26,5.981434885343921e-25,9.519276919901903e-26,1.26709418954266e-26,2.428710755094614e-27
5.725652647735471,3.0228967034777356e-28,3.442860720983699e-26,6.281074160723969e-25,9.607282649719488e-26,1.285615848274734e-26,2.449519038176016e-27
5.731637772346693,3.0661346946216097e-28,3.427254508511167e-26,6.580713436104017e-25,9.66041018130929e-26,1.304137507006808e-26,2.4703273212574174e-27
5.737622896957916,3.1093726857654838e-28,3.4116482960386344e-26,6.880352711484066e-25,9.713537712899091e-26,1.322659165738882e-26,2.491135604338819e-27
5.743608021569138,3.152610676909351e-28,3.396042083566105e-26,7.17999198686407e-25,9.766665244488884e-26,1.3411808244709532e-26,2.5119438874202177e-27
5.74959314618036,3.1958486680532252e-28,3.3804358710935724e-26,7.479631262244118e-25,9.819792776078686e-26,1.359702483203027e-26,2.5327521705016196e-27
5.755578270791583,3.239086659197099e-28,3.3648296586210405e-26,7.779270537624166e-25,9.872920307668487e-26,1.3782241419351012e-26,2.5535604535830212e-27
5.761563395402805,3.282324650340973e-28,3.349223446148508e-26,8.0843486927773605e-25,9.926047839258289e-26,1.396745800667175e-26,2.574368736664423e-27
5.767548520014028,3.325562641484847e-28,3.3249245140310677e-26,8.394243483303358e-25,9.97917537084809e-26,1.415267459399249e-26,2.5951770197458247e-27
5.7735336446252505,3.3688006326287208e-28,3.2880641269803474e-26,8.704138273829355e-25,1.0032302902437891e-25,1.433789118131323e-26,2.6152553879098374e-27
5.779518769236473,3.412038623772595e-28,3.251203739929627e-26,9.01403306435535e-25,1.0085430434027693e-25,1.452310776863397e-26,2.6335260757074573e-27
5.785503893847695,3.4552766149164622e-28,3.2143433528789125e-26,9.323927854881303e-25,1.0138557965617486e-25,1.4714798855030546e-26,2.651796763505075e-27
5.791489018458917,3.4985146060603363e-28,3.177482965828192e-26,9.633822645407299e-25,1.0191685497207287e-25,1.504407278804519e-26,2.6700674513026953e-27
5.79747414307014,3.5417525972042104e-28,3.140622578777472e-26,9.943717435933295e-25,1.0244813028797089e-25,1.5373346721059836e-26,2.688338139100315e-27
5.8034592676813626,3.5849905883480845e-28,3.1037621917267516e-26,1.0253612226459293e-24,1.029794056038689e-25,1.570262065407448e-26,2.7066088268979354e-27
5.809444392292585,3.628228579491958e-28,3.066901804676031e-26,1.0563507016985289e-24,1.035106809197669e-25,1.6031894587089125e-26,2.7248795146955557e-27
5.815429516903808,3.6714665706358323e-28,3.030041417625311e-26,1.0823281859933625e-24,1.0404195623566491e-25,1.636116852010377e-26,2.743150202493176e-27
5.821414641515029,3.7147045617796997e-28,2.960222113009151e-26,1.1043604858338896e-24,1.0457323155156286e-25,1.6690442453118366e-26,2.7614208902907933e-27
5.827399766126252,3.8024301969708327e-28,2.8903657329365056e-26,1.12639278567442e-24,1.0510450686746087e-25,1.701971638613301e-26,2.7796915780884136e-27
5.833384890737475,3.8963647335791554e-28,2.82050935286386e-26,1.1484250855149504e-24,1.0563578218335889e-25,1.7348990319147655e-26,2.797962265886034e-27
5.839370015348697,3.9902992701874776e-28,2.7506529727912143e-26,1.1704573853554808e-24,1.061670574992569e-25,1.7678264252162303e-26,2.816232953683654e-27
5.84535513995992,4.084233806795801e-28,2.680796592718569e-26,1.1924896851960112e-24,1.0669833281515491e-25,1.8007538185176948e-26,2.834503641481274e-27
5.851340264571142,4.178168343404123e-28,2.6109402126459236e-26,1.2145219850365417e-24,1.0722960813105293e-25,1.8336812118191592e-26,2.8527743292788943e-27
5.857325389182364,4.272102880012432e-28,2.5410838325732886e-26,1.236554284877069e-24,1.0776088344695085e-25,1.8666086051206188e-26,2.871045017076512e-27
5.863310513793587,4.366037416620754e-28,2.4712274525006433e-26,1.2585865847175993e-24,1.0829215876284886e-25,1.8995359984220833e-26,2.889315704874132e-27
5.869295638404809,4.459971953229077e-28,2.4013710724279976e-26,1.280250500891949e-24,1.0882343407874688e-25,1.9324633917235478e-26,2.907586392671752e-27
5.875280763016032,4.59232466640073e-28,2.331514692355352e-26,1.2891683365193555e-24,1.0935470939464489e-25,1.9679759558055352e-26,2.9258570804693724e-27
5.881265887627254,4.768451918167512e-28,2.2616583122827067e-26,1.2980861721467618e-24,1.098859847105429e-25,2.0064341218975627e-26,2.9441277682669927e-27
5.887251012238477,4.944579169934294e-28,2.1918019322100613e-26,1.3070040077741682e-24,1.1135077290120027e-25,2.04489228798959e-26,2.962398456064613e-27
5.8932361368496995,5.120706421701076e-28,2.121945552137416e-26,1.3159218434015747e-24,1.130706412190758e-25,2.083350454081617e-26,2.9806691438622332e-27
5.899221261460921,5.296833673467832e-28,2.0566062072143056e-26,1.3248396790289797e-24,1.147905095369511e-25,2.1218086201736388e-26,2.9989398316598506e-27
5.905206386072144,5.472960925234613e-28,1.995073141123246e-26,1.3337575146563862e-24,1.1651037785482667e-25,2.160266786265666e-26,3.017210519457471e-27
5.911191510683366,5.649088177001395e-28,1.9335400750321863e-26,1.3426753502837927e-24,1.1823024617270222e-25,2.1987249523576932e-26,3.024994504320776e-27
5.917176635294589,5.8252154287681775e-28,1.8720070089411268e-26,1.3494689380220641e-24,1.1995011449057778e-25,2.2371831184497207e-26,3.0083095215111023e-27
5.9231617599058115,6.00134268053496e-28,1.810473942850067e-26,1.3464963261040792e-24,1.2166998280845333e-25,2.275641284541748e-26,2.991624538701429e-27
5.929146884517034,6.1897969210200215e-28,1.7489408767590076e-26,1.3435237141860942e-24,1.233898511263289e-25,2.314099450633775e-26,2.9749395558917554e-27
5.935132009128257,6.3907454866758e-28,1.687407810667948e-26,1.3405511022681092e-24,1.2510971944420444e-25,2.3525576167258026e-26,2.958254573082082e-27
5.941117133739478,6.591694052331549e-28,1.6258747445768975e-26,1.3375784903501248e-24,1.2682958776207973e-25,2.391015782817824e-26,2.941569590272411e-27
5.947102258350701,6.792642617987329e-28,1.5643416784858377e-26,1.3346058784321399e-24,1.285494560799553e-25,2.4294739489098513e-26,2.9248846074627374e-27
5.9530873829619235,6.993591183643107e-28,1.5028086123947782e-26,1.331633266514155e-24,1.3026932439783085e-25,2.4679321150018785e-26,2.908199624653064e-27
5.959072507573146,7.194539749298886e-28,1.4412755463037187e-26,1.319127666848908e-24,1.3198919271570642e-25,2.506390281093906e-26,2.8915146418433904e-27
5.965057632184369,7.395488314954664e-28,1.381092981531815e-26,1.2949970527378508e-24,1.3370906103358196e-25,2.5448484471859332e-26,2.874829659033717e-27
5.971042756795591,7.596436880610443e-28,1.3236621198468262e-26,1.2708664386267937e-24,1.3542892935145753e-25,2.5833066132779607e-26,2.8581446762240435e-27
5.977027881406814,7.809318651259337e-28,1.2662312581618372e-26,1.2467358245157366e-24,1.376635273804926e-25,2.621764779369988e-26,2.8414596934143703e-27
5.9830130060180355,8.148196401494114e-28,1.2088003964768568e-26,1.222605210404683e-24,1.4533286605271049e-25,2.683142283893344e-26,2.8247747106046994e-27
5.988998130629258,8.48707415172894e-28,1.1513695347918678e-26,1.1984745962936258e-24,1.530022047249295e-25,2.765186372014756e-26,2.808089727795026e-27
5.994983255240481,8.825951901963766e-28,1.0939386731068787e-26,1.1743439821825687e-24,1.6067154339714853e-25,2.8472304601361684e-26,2.7914047449853524e-27
6.000968379851703,9.164829652198594e-28,1.0365078114218899e-26,1.1502133680715116e-24,1.6834088206936758e-25,2.929274548257581e-26,2.774719762175679e-27
6.006953504462926,9.380410818247683e-28,9.790769497369009e-27,1.1260827539604545e-24,1.7601022074158658e-25,3.0113186363789936e-26,2.7580347793660054e-27
6.012938629074148,9.514178353726511e-28,9.216460880519204e-27,1.1019521398494009e-24,1.8367955941380448e-25,3.093362724500394e-26,2.7413497965563344e-27
6.018923753685371,9.647945889205379e-28,8.64215226366923e-27,1.0648185605857587e-24,1.9134889808602462e-25,3.1754068126218187e-26,2.715410821879549e-27
6.024908878296593,9.781713424684206e-28,8.067843646819424e-27,1.026540465872812e-24,1.9901823675824252e-25,3.257450900743219e-26,2.6886573147837834e-27
6.030894002907815,9.915480960163054e-28,7.517570671586581e-27,9.882623711598595e-25,2.0668757543046154e-25,3.339494988864631e-26,2.661903807688014e-27
6.036879127519038,1.0049248495641902e-27,7.150948541104743e-27,9.49984276446907e-25,2.1435691410268057e-25,3.421539076986044e-26,2.6351503005922445e-27
6.0428642521302605,1.0183016031120749e-27,6.784326410622906e-27,9.117061817339545e-25,2.220262527748996e-25,3.503583165107456e-26,2.6083967934964748e-27
6.048849376741483,1.0316783566599597e-27,6.417704280141068e-27,8.73428087021002e-25,2.3427054147983842e-25,3.5856272532288685e-26,2.5816432864007055e-27
6.054834501352705,1.0450551102078424e-27,6.051082149659284e-27,8.351499923080553e-25,2.471801701976059e-25,3.667671341350269e-26,2.5548897793049398e-27
6.060819625963927,1.0470020039793512e-27,5.6844600191774466e-27,7.991146290492629e-25,2.600897989153753e-25,3.7497154294716816e-26,2.5281362722091705e-27
6.06680475057515,1.0422458249105753e-27,5.317837888695609e-27,7.643945218471987e-25,2.729994276331447e-25,3.831759517593094e-26,2.501382765113401e-27
6.0727898751863725,1.0374896458417994e-27,4.951215758213771e-27,7.296744146451346e-25,2.8590905635091412e-25,3.913803605714506e-26,2.4746292580176316e-27
6.078774999797595,1.0327334667730235e-27,4.5845936277319335e-27,6.949543074430704e-25,2.9881868506868353e-25,3.9958476938359184e-26,2.447875750921862e-27
6.084760124408818,1.0279772877042476e-27,4.217971497250096e-27,6.602342002410062e-25,3.1172831378645294e-25,4.212273432323759e-26,2.4211222438260923e-27
6.09074524902004,1.0232211086354717e-27,3.855160321328064e-27,6.25514093038942e-25,3.246379425042223e-25,4.484762858139046e-26,2.394368736730323e-27
6.096730373631262,1.0184649295666965e-27,3.650050098987133e-27,5.90793985836883e-25,3.3754757122198982e-25,4.7572522839542923e-26,2.3676152296345573e-27
6.1027154982424845,1.0137087504979206e-27,3.444939876646172e-27,5.560738786348188e-25,3.504571999397592e-25,5.0297417097695787e-26,2.340861722538788e-27
6.108700622853707,1.0034699376657361e-27,3.23982965430521e-27,5.196167860301082e-25,3.633668286575286e-25,5.302231135584865e-26,2.3141082154430183e-27
6.11468574746493,9.738181345201897e-28,3.034719431964249e-27,4.770093499497715e-25,3.7599513288797903e-25,5.574720561400153e-26,2.287354708347249e-27
6.120670872076152,9.441663313746434e-28,2.829609209623288e-27,4.344019138694349e-25,3.860595473817663e-25,5.847209987215439e-26,2.2606012012514794e-27
6.126655996687375,9.14514528229097e-28,2.6244989872823268e-27,3.9179447778909834e-25,3.9612396187555355e-25,6.119699413030725e-26,2.2341705622538184e-27
6.132641121298597,8.848627250835507e-28,2.4193887649413654e-27,3.491870417087617e-25,4.061883763693408e-25,6.392188838846013e-26,2.2077473454966976e-27
6.138626245909819,8.552109219380087e-28,2.2142785426004344e-27,3.104278565447113e-25,4.162527908631266e-25,6.664678264661259e-26,2.1813241287395804e-27
6.144611370521042,8.255591187924623e-28,2.009168320259473e-27,2.8991683431061517e-25,4.263172053569139e-25,7.007842025840081e-26,2.1549009119824592e-27
6.150596495132264,7.95907315646916e-28,1.804058097918512e-27,2.6940581207651906e-25,4.363816198507011e-25,7.395533193141344e-26,2.1284776952253384e-27
6.156581619743487,7.662555125013697e-28,1.708211800203296e-27,2.488947898424229e-25,4.464460343444884e-25,7.783224360442605e-26,2.1020544784682172e-27
6.162566744354709,7.352690402047863e-28,1.6204054180660576e-27,2.283837676083268e-25,4.545635269202172e-25,8.170915527743868e-26,2.075631261711096e-27
6.168551868965931,7.002665350878264e-28,1.532599035928832e-27,2.078727453742337e-25,4.568227119778854e-25,8.558606695045073e-26,2.049208044953979e-27
6.174536993577155,6.652640299708561e-28,1.4447926537915804e-27,1.8736172314013456e-25,4.590818970355544e-25,8.946297862346393e-26,2.022784828196854e-27
6.180522118188376,6.302615248538962e-28,1.3569862716543548e-27,1.694584721453823e-25,4.613410820932226e-25,9.333989029647599e-26,1.9963616114397368e-27
6.186507242799599,5.95259019736931e-28,1.2691798895171162e-27,1.5479358668332322e-25,4.636002671508912e-25,9.72168019694886e-26,1.969938394682616e-27
6.192492367410821,5.60256514619966e-28,1.1813735073798776e-27,1.4012870122126417e-25,4.658594522085598e-25,1.0109371364250123e-25,1.9435151779254948e-27
6.198477492022044,5.252540095030008e-28,1.1146559744563306e-27,1.254638157592051e-25,4.681186372662283e-25,1.0497062531551386e-25,1.9170919611683736e-27
6.204462616633267,4.902515043860357e-28,1.0596626567049442e-27,1.1079893029714603e-25,4.703778223238969e-25,1.0884753698852648e-25,1.8906687444112528e-27
6.210447741244488,4.552489992690757e-28,1.0046693389535658e-27,9.8925129748829e-26,4.726370073815651e-25,1.1328356692552973e-25,1.8642455276541356e-27
6.216432865855712,4.196183489835065e-28,9.576980122909205e-28,9.12379554052782e-26,4.602755509172857e-25,1.1774248477482538e-25,1.8945460158354365e-27
6.2224179904669334,3.823616129447674e-28,9.314932951218417e-28,8.355078106172968e-26,4.4511523035069705e-25,1.2220140262411972e-25,1.935705257462261e-27
6.228403115078156,3.4510487690602272e-28,9.05288577952759e-28,7.586360671818001e-26,4.299549097841061e-25,1.266603204734147e-25,1.9768644990890916e-27
6.234388239689379,3.0784814086727806e-28,8.790838607836763e-28,6.817643237463036e-26,4.147945892175152e-25,1.311192383227097e-25,2.018023740715922e-27
6.240373364300601,2.705914048285334e-28,8.528791436145937e-28,6.048925803108069e-26,3.996342686509242e-25,1.3557815617200472e-25,2.0591829823427527e-27
6.246358488911824,2.3676277534941818e-28,8.266744264455109e-28,5.213711389675369e-26,3.8447394808433326e-25,1.400370740212997e-25,2.1003422239695837e-27
6.2523436135230455,2.142452406298713e-28,8.0046970927643215e-28,4.3611663254718435e-26,3.693136275177445e-25,1.4449599187059404e-25,2.141501465596408e-27
6.258328738134268,1.9172770591032107e-28,7.7426499210734945e-28,3.5086212612681907e-26,3.5415330695115358e-25,1.4895490971988902e-25,2.2170766564003055e-27
6.264313862745491,1.6921017119077084e-28,7.674358461885667e-28,3.345810289292581e-26,3.328136275363852e-25,1.479614523423517e-25,2.3207464963964122e-27
6.270298987356713,1.466926364712206e-28,7.6080463503757725e-28,3.1900454247901727e-26,3.1141082172689406e-25,1.4691229520708834e-25,2.4244163363925194e-27
6.276284111967936,1.3189345418729936e-28,7.541734238865878e-28,3.034280560287764e-26,2.900080159174029e-25,1.4586313807182498e-25,2.528086176388626e-27
6.282269236579158,1.1970574532356109e-28,7.475422127355984e-28,2.8785156957853557e-26,2.686052101079118e-25,1.4481398093656163e-25,2.631756016384733e-27
6.288254361190381,1.075180364598228e-28,7.40911001584609e-28,2.722750831282947e-26,2.4720240429842063e-25,1.4376482380129827e-25,2.73542585638084e-27
6.294239485801603,9.533032759608633e-29,7.342797904336206e-28,2.5669859667805617e-26,2.2579959848893265e-25,1.4271566666603507e-25,2.8390956963769314e-27
6.300224610412825,8.314261873234805e-29,7.2764857928263115e-28,2.4112211022781532e-26,2.0492209349184503e-25,1.4166650953077172e-25,2.9427655363730385e-27
6.306209735024048,7.262224452839322e-29,7.210173681316417e-28,2.2554562377757447e-26,1.8552580120866748e-25,1.4061735239550836e-25,3.0464353763691453e-27
6.31219485963527,6.294821641915897e-29,7.143861569806523e-28,2.1919388779472665e-26,1.661295089254899e-25,1.3956819526024503e-25,3.162384776594234e-27
6.318179984246493,6.023719437688623e-29,7.077549458296629e-28,2.1952830663342376e-26,1.4673321664231232e-25,1.3627260257322496e-25,3.2872344761956225e-27
6.3241651088577155,5.75261723346135e-29,7.011237346786735e-28,2.1986272547212087e-26,1.2733692435913476e-25,1.3032313210658793e-25,3.4120841757970114e-27
6.330150233468938,5.481515029234076e-29,6.9449252352768405e-28,2.20197144310818e-26,1.1480216464931616e-25,1.243736616399509e-25,3.5369338753984e-27
6.33613535808016,5.210412825006844e-29,6.878613123766956e-28,2.2053156314951506e-26,1.0424344722151866e-25,1.1842419117331474e-25,3.6617835749997705e-27
6.342120482691382,4.9393106207795697e-29,6.812301012257062e-28,2.208659819882122e-26,9.368472979371959e-26,1.1247472070667771e-25,3.7866332746011594e-27
6.348105607302605,4.7800000000000004e-29,6.745988900747168e-28,2.2120040082690932e-26,8.312601236592052e-26,1.0652525024004068e-25,3.9114829742025476e-27
6.354090731913828,4.7800000000000004e-29,6.679676789237274e-28,2.2153481966560646e-26,7.256729493812144e-26,1.0057577977340366e-25,4.0129759549485676e-27
6.36007585652505,4.7800000000000004e-29,6.6133646777273795e-28,2.2186923850430357e-26,6.284074167360167e-26,9.462630930676663e-26,4.057565133441517e-27
6.366060981136272,4.7800000000000004e-29,6.547052566217495e-28,2.1990006653640835e-26,5.71868338617574e-26,8.898038537091741e-26,4.10215431193446e-27
6.372046105747495,4.7800000000000004e-29,6.480740454707591e-28,2.164518367800502e-26,5.153292604991145e-26,8.352935840167894e-26,4.146743490427415e-27
6.378031230358717,4.7800000000000004e-29,6.414428343197707e-28,2.1300360702369306e-26,4.5879018238067176e-26,7.80783314324421e-26,4.1913326689203584e-27
6.38401635496994,5.0365845957255205e-29,6.348116231687813e-28,2.0955537726733543e-26,4.022511042622207e-26,7.262730446320445e-26,4.235921847413307e-27
6.390001479581162,5.355078725275745e-29,6.2818488130400245e-28,2.061071475109778e-26,3.457120261437696e-26,6.717627749396679e-26,4.280511025906256e-27
6.395986604192385,5.673572854825968e-29,6.215898307375995e-28,2.0265891775462016e-26,3.0192384905537497e-26,6.172525052472915e-26,4.325100204399206e-27
6.401971728803607,5.992066984376192e-29,6.149947801711965e-28,1.992106879982625e-26,2.6803607367122986e-26,5.627422355549149e-26,4.369689382892155e-27
6.407956853414829,6.565934082118743e-29,6.083997296047945e-28,1.957624582419054e-26,2.3414829828708978e-26,5.0823196586254646e-26,4.386990644205967e-27
6.413941978026052,7.174328654666329e-29,6.018046790383915e-28,1.9082444894541323e-26,2.002605229029447e-26,4.537216961701699e-26,4.346364948666087e-27
6.419927102637274,7.782723227213914e-29,5.952096284719886e-28,1.7988523708722862e-26,1.806652310900985e-26,4.112344707493672e-26,4.3057392531262075e-27
6.425912227248497,8.3911177997615e-29,5.886145779055856e-28,1.6894602522904404e-26,1.6917237033354085e-26,3.755631277335478e-26,4.265113557586327e-27
6.431897351859719,8.999512372309087e-29,5.820195273391826e-28,1.5800681337085943e-26,1.5767950957698322e-26,3.3989178471772847e-26,4.224487862046448e-27
6.437882476470942,1.0088139937056851e-28,5.754244767727797e-28,1.4706760151267482e-26,1.4618664882042555e-26,3.0422044170190905e-26,4.1838621665065674e-27
6.4438676010821645,1.1271779933931772e-28,5.688294262063767e-28,1.361283896544902e-26,1.346937880638679e-26,2.6854909868608975e-26,4.143236470966688e-27
6.449852725693386,1.2455419930806517e-28,5.622343756399748e-28,1.2518917779630724e-26,1.2320092730731195e-26,2.448721731156117e-26,4.102610775426814e-27
6.455837850304609,1.3639059927681438e-28,5.556393250735718e-28,1.1424996593812265e-26,1.1170806655075429e-26,2.2945705724538055e-26,4.061985079886934e-27
6.461822974915831,1.4822699924556357e-28,5.490442745071688e-28,1.0331075407993804e-26,1.0021520579419664e-26,2.1404194137514942e-26,4.021359384347054e-27
6.467808099527054,1.6006339921431278e-28,5.424492239407658e-28,9.493194340041563e-27,8.872234503763898e-27,1.986268255049183e-26,3.975391691047836e-27
6.4737932241382765,1.7590380720316568e-28,5.358541733743629e-28,8.723882390950725e-27,8.261843695272657e-27,1.8321170963468717e-26,3.911345416376795e-27
6.479778348749499,1.9373947871107537e-28,5.292591228079599e-28,7.954570441859885e-27,7.91999332470439e-27,1.6779659376445606e-26,3.847299141705753e-27
6.485763473360722,2.1157515021898504e-28,5.2266407224155695e-28,7.185258492769047e-27,7.57814295413612e-27,1.5238147789422493e-26,3.7832528670347106e-27
6.491748597971943,2.2941082172689207e-28,5.16069021675155e-28,6.415946543678323e-27,7.236292583567903e-27,1.3696636202399608e-26,3.719206592363678e-27
6.497733722583166,2.4724649323480174e-28,5.094739711087521e-28,5.646634594587485e-27,6.894442212999634e-27,1.2667953079993949e-26,3.6551603176926364e-27
6.5037188471943885,2.6977077278258423e-28,5.028789205423491e-28,4.877322645496646e-27,6.552591842431365e-27,1.1816936747721242e-26,3.591114043021594e-27
6.509703971805611,2.951523051191298e-28,4.962838699759461e-28,4.108010696405807e-27,6.210741471863096e-27,1.0965920415448536e-26,3.527067768350552e-27
6.515689096416834,3.2053383745567534e-28,4.896888194095431e-28,3.5390527755619995e-27,6.101663323126602e-27,1.0114904083175831e-26,3.46302149367951e-27
6.521674221028055,3.4591536979221712e-28,4.830937688431411e-28,3.2988657325888556e-27,6.007620691964073e-27,9.263887750903251e-27,3.398975219008478e-27
6.527659345639279,3.7129690212876644e-28,4.764987182767372e-28,3.0586786896156403e-27,5.913578060801517e-27,8.412871418630419e-27,3.3349289443374265e-27
6.5336444702505005,3.9667843446530823e-28,4.6991822526276525e-28,2.8184916466424963e-27,5.819535429638988e-27,7.561855086357839e-27,3.270882669666394e-27
6.539629594861723,4.220599668018538e-28,4.643198061969027e-28,2.578304603669317e-27,5.725492798476445e-27,6.710838754085133e-27,3.206836394995352e-27
6.545614719472946,4.495784913434554e-28,4.587213871310402e-28,2.338117560696137e-27,5.6314501673139024e-27,6.341192361899481e-27,3.1362725394407207e-27
6.551599844084168,4.813854388658943e-28,4.531229680651778e-28,2.097930517722958e-27,5.5374075361513596e-27,6.029068115678457e-27,3.064929854117753e-27
6.557584968695391,5.131923863883333e-28,4.475245489993152e-28,1.8577434747497782e-27,5.4433649049888174e-27,5.716943869457433e-27,2.9935871687947854e-27
6.563570093306613,5.449993339107675e-28,4.419261299334535e-28,1.6175564317766346e-27,5.349322273826288e-27,5.404819623236455e-27,2.9222444834718283e-27
6.569555217917836,5.768062814332111e-28,4.363277108675902e-28,1.5422306107366442e-27,5.2552796426637324e-27,5.092695377015385e-27,2.85090179814885e-27
6.575540342529058,6.086132289556453e-28,4.307292918017286e-28,1.472259899971041e-27,5.161237011501203e-27,4.780571130794407e-27,2.779559112825893e-27
6.58152546714028,6.404201764780842e-28,4.25130872735866e-28,1.4022891892054276e-27,5.067194380338661e-27,4.468446884573384e-27,2.708216427502925e-27
6.587510591751503,6.804929900031326e-28,4.195324536700035e-28,1.332318478439814e-27,5.0360939278328145e-27,4.1563226383523595e-27,2.6368737421799577e-27
6.5934957163627255,7.259739517029054e-28,4.13934034604141e-28,1.2623477676742006e-27,5.046174959336985e-27,3.844198392131335e-27,2.56553105685699e-27
6.599480840973948,7.714549134026783e-28,4.083356155382785e-28,1.192377056908587e-27,5.056255990841155e-27,3.532074145910311e-27,2.4941883715340224e-27
6.60546596558517,8.169358751024443e-28,4.0273719647241684e-28,1.1224063461429839e-27,5.0663370223453235e-27,3.417048213794021e-27,2.4228456862110653e-27
6.611451090196392,8.624168368022173e-28,3.971387774065543e-28,1.0891639519223916e-27,5.076418053849494e-27,3.35095131427243e-27,2.3607405246955935e-27
6.617436214807615,9.0789779850199e-28,3.915403583406918e-28,1.0732233209080565e-27,5.0864990853536636e-27,3.2848544147508384e-27,2.3029869225371523e-27
6.6234213394188375,9.53378760201763e-28,3.859419392748293e-28,1.0572826898937213e-27,5.096580116857834e-27,3.2187575152292475e-27,2.245233320378711e-27
6.62940646403006,9.988597219015358e-28,3.803435202089668e-28,1.0413420588793863e-27,5.1066611483620044e-27,3.1526606157076562e-27,2.1874797182202693e-27
6.635391588641283,1.0552104237888376e-27,3.747451011431043e-28,1.0254014278650511e-27,5.116742179866174e-27,3.086563716186065e-27,2.1297261160618282e-27
6.641376713252505,1.1150873201442809e-27,3.6914668207724178e-28,1.0094607968507161e-27,5.1268232113703445e-27,3.0204668166644736e-27,2.0719725139033867e-27
6.647361837863727,1.174964216499715e-27,3.6354826301138006e-28,9.935201658363834e-28,5.136904242874513e-27,2.954369917142892e-27,2.014218911744954e-27
6.6533469624749495,1.2348411128551584e-27,3.579498439455176e-28,9.775795348220484e-28,5.146985274378683e-27,2.8882730176213007e-27,1.9564653095865127e-27
6.659332087086172,1.2947180092106015e-27,3.5650634601064e-28,9.616389038077132e-28,5.1570663058828535e-27,2.8221761180997094e-27,1.8987117074280712e-27
6.665317211697395,1.3545949055660448e-27,3.559118236388542e-28,9.438683533157627e-28,5.210581158441799e-27,2.756079218578118e-27,1.84095810526963e-27
6.671302336308617,1.414471801921488e-27,3.553173012670684e-28,9.25346694583689e-28,5.281923845117684e-27,2.689982319056527e-27,1.7832045031111886e-27
6.67728746091984,1.4743486982769312e-27,3.5472277889528263e-28,9.068250358516152e-28,5.353266531793568e-27,2.6238854195349356e-27,1.7254509009527474e-27
6.683272585531062,1.55860788439816e-27,3.541282565234968e-28,8.883033771195415e-28,5.424609218469452e-27,2.5577885200133443e-27,1.6697483852349462e-27
6.689257710142284,1.6454081524033077e-27,3.535337341517111e-28,8.697817183874704e-28,5.4959519051453255e-27,2.491691620491763e-27,1.614259630351216e-27
6.695242834753507,1.732208420408468e-27,3.529392117799253e-28,8.512600596553967e-28,5.56729459182121e-27,2.4255947209701717e-27,1.5587708754674776e-27
6.701227959364729,1.8190086884136285e-27,3.523446894081395e-28,8.32738400923323e-28,5.600000000000001e-27,2.3594978214485804e-27,1.5032821205837392e-27
6.707213083975952,1.9058089564187887e-27,3.551853703299969e-28,8.130892907862565e-28,5.600000000000001e-27,2.293400921926989e-27,1.4477933657000008e-27
6.713198208587174,1.9926092244239493e-27,3.6276553067379844e-28,7.918846591046306e-28,5.600000000000001e-27,2.227304022405398e-27,1.3923046108162624e-27
6.719183333198396,2.079409492429097e-27,3.703456910175988e-28,7.706800274230078e-28,5.600000000000001e-27,2.163654511283295e-27,1.3368158559325323e-27
6.72516845780962,2.16620976043427e-27,3.779258513614014e-28,7.494753957413787e-28,5.600000000000001e-27,2.100872947824896e-27,1.2813271010487858e-27
6.731153582420841,2.241711664433653e-27,3.8550601170520174e-28,7.282707640597559e-28,5.600000000000001e-27,2.0380913843665158e-27,1.2258383461650554e-27
6.737138707032064,2.3057102496847177e-27,3.9308617204900326e-28,7.0706613237813e-28,5.600000000000001e-27,1.9753098209081265e-27,1.170349591281317e-27
6.743123831643286,2.3697088349357823e-27,4.0066633239280474e-28,6.8586150069650395e-28,5.600000000000001e-27,1.912528257449737e-27,1.1272640303433573e-27
6.749108956254509,2.4337074201868466e-27,4.082464927366062e-28,6.64656869014878e-28,5.600000000000001e-27,1.8497466939913473e-27,1.0870222967534705e-27
6.755094080865732,2.497706005437911e-27,4.158266530804077e-28,6.434522373332521e-28,5.5484993451970825e-27,1.786965130532958e-27,1.046780563163584e-27
6.761079205476953,2.5617045906889665e-27,4.330928516723586e-28,6.222476056516293e-28,5.458271831564448e-27,1.7241835670745777e-27,1.0065388295737033e-27
6.767064330088176,2.625703175940031e-27,4.622244484686102e-28,6.02043801230402e-28,5.368044317931799e-27,1.661402003616188e-27,9.662970959838167e-28
6.7730494546993985,2.6897017611910953e-27,4.913560452648618e-28,5.838896358460389e-28,5.277816804299151e-27,1.5986204401577985e-27,9.260553623939299e-28
6.779034579310621,2.75370034644216e-27,5.204876420611134e-28,5.657354704616758e-28,5.1875892906665026e-27,1.535838876699409e-27,8.858136288040433e-28
6.785019703921844,2.8176989316932246e-27,5.496192388573651e-28,5.475813050773127e-28,5.097361777033854e-27,1.4730573132410196e-27,8.455718952141567e-28
6.791004828533066,2.8836192429934183e-27,5.833415408957307e-28,5.294271396929496e-28,5.007134263401206e-27,1.41027574978263e-27,8.053301616242701e-28
6.796989953144289,2.9496112269171627e-27,6.238539941745207e-28,5.112729743085865e-28,4.9169067497685574e-27,1.3474941863242405e-27,7.745098442026559e-28
6.8029750777555105,3.015603210840897e-27,6.643664474533047e-28,4.9311880892422614e-28,4.8266792361359226e-27,1.2908399278852388e-27,7.454481915558653e-28
6.808960202366733,3.0815951947646413e-27,7.048789007320947e-28,4.74964643539863e-28,4.734512547592272e-27,1.2365526030700722e-27,7.163865389090704e-28
6.814945326977956,3.1475871786883857e-27,7.656120239594213e-28,4.568104781554999e-28,4.5949746486022455e-27,1.1822652782549057e-27,6.873248862622755e-28
6.820930451589178,3.1983335917947003e-27,8.483695389340626e-28,4.386563127711368e-28,4.455436749612219e-27,1.1279779534397393e-27,6.5826323361548065e-28
6.826915576200401,3.2216571620499048e-27,9.31127053908704e-28,4.205021473867737e-28,4.315898850622194e-27,1.0736906286245726e-27,6.292015809686858e-28
6.832900700811623,3.244980732305109e-27,1.0138845688833456e-27,4.023479820024106e-28,4.176360951632167e-27,1.019403303809406e-27,6.001399283218909e-28
6.838885825422846,3.268304302560314e-27,1.096642083857987e-27,3.841938166180475e-28,4.036823052642141e-27,9.651159789942395e-28,5.71078275675096e-28
6.844870950034068,3.291627872815515e-27,1.1793995988326162e-27,3.660396512336871e-28,3.8972851536521356e-27,9.108286541790809e-28,5.420166230283054e-28
6.85085607464529,3.314951443070719e-27,1.317000668522879e-27,3.47885485849324e-28,3.757747254662109e-27,8.565413293639144e-28,5.169747925564759e-28
6.856841199256513,3.338275013325924e-27,1.4626586525041413e-27,3.297313204649609e-28,3.618209355672084e-27,8.211155336095682e-28,5.008288163284648e-28
6.862826323867735,3.359592517917699e-27,1.6083166364854039e-27,3.207555111418811e-28,3.4786714566820574e-27,7.919580882658821e-28,4.846828401004538e-28
6.868811448478958,3.353647294229368e-27,1.753974620466666e-27,3.1718837684029914e-28,3.355651299848829e-27,7.62800642922196e-28,4.685368638724427e-28
6.87479657309018,3.347702070541039e-27,1.8996326044479068e-27,3.1362124253871776e-28,3.248637271982504e-27,7.336431975785142e-28,4.523908876444341e-28
6.880781697701403,3.3417568468527086e-27,2.045290588429191e-27,3.100541082371353e-28,3.1416232441161482e-27,7.0448575223482375e-28,4.362449114164206e-28
6.886766822312625,3.3358116231643795e-27,2.210757085108878e-27,3.0648697393555386e-28,3.034609216249824e-27,6.75328306891142e-28,4.20098935188412e-28
6.892751946923847,3.32986639947605e-27,2.494146078573451e-27,3.0291983963397194e-28,2.927595188383484e-27,6.4617086154745585e-28,4.039529589604009e-28
6.89873707153507,3.32392117578772e-27,2.777535072038024e-27,2.9935270533239e-28,2.8205811605171436e-27,6.170134162037698e-28,3.878069827323899e-28
6.904722196146293,3.299506514242933e-27,3.060924065502597e-27,2.957855710308081e-28,2.7135671326508036e-27,5.878559708600836e-28,3.716610065043788e-28
6.910707320757515,3.239311122156312e-27,3.34431305896717e-27,2.930539009148565e-28,2.6065531047844637e-27,5.586985255163975e-28,3.555150302763678e-28
6.916692445368737,3.1791157300697004e-27,3.643587146544662e-27,2.932999101753492e-28,2.499539076918139e-27,5.295410801727157e-28,3.4926603207527914e-28
6.92267756997996,3.1189203379830707e-27,4.089478930835394e-27,2.93545919435842e-28,2.392525049051783e-27,5.003836348290253e-28,3.481513026129552e-28
6.928662694591182,3.058724945896459e-27,4.535370715125992e-27,2.9379192869633473e-28,2.285511021185459e-27,4.712261894853435e-28,3.4703657315063164e-28
6.934647819202405,2.9757808898650407e-27,4.981262499416657e-27,2.940379379568275e-28,2.1784969933191187e-27,4.553254776841444e-28,3.459218436883079e-28
6.940632943813627,2.8889806235843122e-27,5.4271542837073225e-27,2.9428394721732025e-28,2.0714829654527784e-27,4.41671963867098e-28,3.4480711422598414e-28
6.94661806842485,2.802180357303584e-27,5.873046067997987e-27,2.94529956477813e-28,1.9644689375864384e-27,4.280184500500514e-28,3.436923847636604e-28
6.952603193036072,2.7153800910228555e-27,6.318937852288653e-27,2.9477596573830578e-28,1.8574549097200984e-27,4.14364936233005e-28,3.4257765530133664e-28
6.958588317647294,2.6285798247421403e-27,6.764829636579251e-27,2.950219749987985e-28,1.7946540138965343e-27,4.0071142241596053e-28,3.4146292583901307e-28
6.964573442258517,2.5417795584614118e-27,7.28801887465395e-27,2.9526798425929125e-28,1.8072438995196947e-27,3.870579085989141e-28,3.403481963766893e-28
6.970558566869739,2.4549792921806833e-27,7.829458906414278e-27,2.95513993519784e-28,1.819833785142855e-27,3.734043947818676e-28,3.473587176115475e-28
6.976543691480962,2.368179025899955e-27,8.370898938174609e-27,2.9576000278027677e-28,1.832423670766015e-27,3.597508809648211e-28,3.5806012043452347e-28
6.982528816092184,2.272384771551166e-27,8.912338969934938e-27,2.9600601204076953e-28,1.8450135563891756e-27,3.4609736714777466e-28,3.6876152325749942e-28
6.988513940703407,2.1653707433214044e-27,9.453779001695267e-27,2.962520213012623e-28,1.857603442012336e-27,3.3244385333072817e-28,3.7946292608047538e-28
6.9944990653146295,2.0583567150916427e-27,9.995219033455597e-27,2.9649803056175505e-28,1.870193327635496e-27,3.187903395136817e-28,3.9016432890345137e-28
7.000484189925851,1.9513426868618967e-27,1.0536659065215846e-26,2.9674403982224777e-28,1.8827832132586546e-27,3.0513682569663726e-28,4.008657317264257e-28
7.006469314537074,1.844328658632135e-27,1.1078099096976175e-26,2.9699004908274053e-28,1.8953730988818146e-27,2.9148331187959077e-28,4.115671345494017e-28
7.012454439148296,1.7373146304023732e-27,1.1388802624106004e-26,2.9528857704233476e-28,1.907962984504975e-27,2.7782979806254433e-28,4.193635605599285e-28
7.018439563759519,1.6303006021726114e-27,1.168977957332772e-26,2.935050099358357e-28,2.0974487387394433e-27,2.6417628424549784e-28,4.227820642656112e-28
7.0244246883707415,1.5273577931106173e-27,1.1990756522549437e-26,2.9172144282933665e-28,2.321080618245223e-27,2.5052277042845135e-28,4.262005679712939e-28
7.030409812981963,1.4464112845778626e-27,1.2291733471771107e-26,2.8993787572283786e-28,2.5447124977509694e-27,2.4359992725715763e-28,4.296190716769761e-28
7.036394937593187,1.3654647760450837e-27,1.2592710420992869e-26,2.8815430861633854e-28,2.768344377256782e-27,2.4124886147809372e-28,4.330375753826593e-28
7.042380062204408,1.2845182675123288e-27,1.2893687370214539e-26,2.8637074150983975e-28,2.991976256762529e-27,2.388977956990305e-28,4.364560790883414e-28
7.048365186815631,1.2035717589795618e-27,1.3194664319436255e-26,2.845871744033407e-28,3.2156081362683086e-27,2.3654672991996695e-28,4.398745827940241e-28
7.0543503114268535,1.122625250446795e-27,1.349564126865797e-26,2.8280360729684164e-28,3.439240015774088e-27,2.341956641409034e-28,4.389063123471519e-28
7.060335436038076,1.041678741914028e-27,1.3796618217879687e-26,2.810200401903426e-28,3.7549378732627964e-27,2.318445983618398e-28,4.35785069864272e-28
7.066320560649299,9.60732233381261e-28,1.365671343539358e-26,2.763876987553717e-28,4.1461336016696156e-27,2.2949353258277627e-28,4.326638273813922e-28
7.07230568526052,8.855846240529999e-28,1.3511798605291515e-26,2.717229847043316e-28,4.537329330076376e-27,2.2714246680371304e-28,4.295425848985128e-28
7.078290809871744,8.11323374933987e-28,1.336688377518941e-26,2.670582706532901e-28,4.9285250584832534e-27,2.2479140102464914e-28,4.264213424156325e-28
7.0842759344829656,7.370621258149963e-28,1.3221968945087346e-26,2.6239355660225e-28,5.319720786890014e-27,2.224403352455859e-28,4.233000999327532e-28
7.090261059094188,6.628008766959944e-28,1.307705411498526e-26,2.5772884255120918e-28,5.710916515296833e-27,2.2008926946652236e-28,4.201788574498733e-28
7.096246183705411,5.885396275769925e-28,1.2932139284883176e-26,2.530641285001684e-28,6.102112243703652e-27,2.1773820368745877e-28,4.170576149669935e-28
7.102231308316633,5.142783784579906e-28,1.278722445478109e-26,2.4839941444912757e-28,6.493307972110471e-27,2.158326252493745e-28,4.139363724841137e-28
7.108216432927856,4.669260202672466e-28,1.2642309624679006e-26,2.437347003980868e-28,6.9156486705399e-27,2.15190541077641e-28,4.108151300012338e-28
7.114201557539078,4.311060466555333e-28,1.249102206132417e-26,2.390699863470467e-28,7.530384802966326e-27,2.1454845690590755e-28,4.076938875183544e-28
7.120186682150301,3.9528607304380937e-28,1.1991623262918551e-26,2.344052722960052e-28,8.145120935392934e-27,2.1390637273417393e-28,3.9800681219865554e-28
7.126171806761523,3.5946609943209607e-28,1.149222446451308e-26,2.297405582449651e-28,8.75985706781936e-27,2.132642885624405e-28,3.8052785429453132e-28
7.132156931372745,3.236461258203775e-28,1.0992825666107535e-26,2.2507584419392426e-28,9.374593200245878e-27,2.1262220439070696e-28,3.6304889639040446e-28
7.138142055983968,2.878261522086589e-28,1.0493426867701991e-26,2.2041113014288343e-28,9.989329332672394e-27,2.1198012021897343e-28,3.455699384862776e-28
7.1441271805951905,2.520061785969403e-28,9.994028069296445e-27,2.1574641609184265e-28,1.060406546509891e-26,2.113380360472399e-28,3.280909805821508e-28
7.150112305206413,2.267314629990061e-28,9.494629270890901e-27,2.1179332869773138e-28,1.1218801597525428e-26,2.1069595187550637e-28,3.1061202267802397e-28
7.156097429817635,2.0176152350802343e-28,8.99523047248543e-27,2.088590730719618e-28,1.1833537729951854e-26,2.1005386770377293e-28,2.94898341048229e-28
7.162082554428858,1.7679158401703334e-28,8.588374449210626e-27,2.059248174461914e-28,1.22514495602948e-26,2.0941178353203927e-28,2.794948068423202e-28
7.16806767904008,1.5182164452605065e-28,8.21588331248786e-27,2.0299056182042184e-28,1.2596272542781004e-26,2.0876969936030588e-28,2.64091272636416e-28
7.1740528036513025,1.3252452467480046e-28,7.84339217576504e-27,2.0005630619465188e-28,1.294109552526726e-26,2.0812761518857235e-28,2.486877384305095e-28
7.180037928262525,1.192146546467588e-28,7.470901039042219e-27,1.971220505688819e-28,1.328591850775351e-26,2.0748553101683878e-28,2.3328420422460297e-28
7.186023052873747,1.0590478461871907e-28,7.098409902319453e-27,1.9418779494311235e-28,1.3630741490239714e-26,2.066837310025262e-28,2.178806700186988e-28
7.19200817748497,9.259491459067542e-29,6.725918765596578e-27,1.9125353931734192e-28,1.3975564472726018e-26,2.0538659127113816e-28,2.06010019765999e-28
7.197993302096192,7.929282985181983e-29,6.3534276288738116e-27,1.8831928369157238e-28,1.432038745521222e-26,2.0408945153975053e-28,1.957779766912726e-28
7.2039784267074145,7.291162293454547e-29,5.98093649215099e-27,1.853850280658024e-28,1.4665210437698476e-26,2.0279231180836272e-28,1.8554593361654466e-28
7.209963551318637,6.653041601727113e-29,5.6084453554281696e-27,1.824507724400324e-28,1.4926782982287754e-26,2.0149517207697487e-28,1.7531389054181674e-28
7.21594867592986,6.014920909999677e-29,5.235954218705348e-27,1.7951651681426244e-28,1.501071555310882e-26,2.0019803234558704e-28,1.650818474670888e-28
7.221933800541082,5.376800218272242e-29,4.863463081982528e-27,1.7658226118849245e-28,1.509464812392989e-26,1.989008926141992e-28,1.5484980439236088e-28
7.227918925152304,4.738679526544902e-29,4.490971945259762e-27,1.7364800556272292e-28,1.5178580694750946e-26,1.9760375288281155e-28,1.4461776131763449e-28
7.233904049763527,4.675857799497359e-29,4.118480808536886e-27,1.7071374993695248e-28,1.5262513265572027e-26,1.9630661315142354e-28,1.3438571824290503e-28
7.239889174374749,4.640108910438791e-29,3.74598967181412e-27,1.6777949431118294e-28,1.5346445836393083e-26,1.9500947342003589e-28,1.2415367516817862e-28
7.245874298985972,4.6043600213802167e-29,3.3977154303628776e-27,1.6484523868541296e-28,1.543037840721415e-26,1.9371233368864806e-28,1.139216320934507e-28
7.251859423597194,4.568611132321643e-29,3.1848764170351556e-27,1.619524502501992e-28,1.551431097803522e-26,1.9241519395726022e-28,1.038338101117755e-28
7.257844548208417,4.532862243263069e-29,2.9720374037074336e-27,1.6038507307123376e-28,1.5598243548856286e-26,1.911180542258724e-28,9.835571108351154e-29
7.263829672819639,4.497113354204495e-29,2.7591983903797112e-27,1.5881769589226832e-28,1.5682176119677356e-26,1.8982091449448456e-28,9.287761205524758e-29
7.269814797430861,4.4613644651459265e-29,2.5463593770520204e-27,1.572503187133031e-28,1.564380761353603e-26,1.885237747630969e-28,8.739951302698444e-29
7.275799922042085,4.4256155760873474e-29,2.3335203637242668e-27,1.5568294153433744e-28,1.557246492892172e-26,1.8722663503170887e-28,8.192141399871968e-29
7.281785046653306,4.3898666870287783e-29,2.1206813503965763e-27,1.5411556435537223e-28,1.5501122244307433e-26,1.8592949530032124e-28,7.644331497045654e-29
7.287770171264529,4.354117797970205e-29,1.907842337068854e-27,1.525481871764068e-28,1.5429779559693137e-26,1.846323555689334e-28,7.096521594219258e-29
7.293755295875751,4.318368908911631e-29,1.695003323741132e-27,1.5098080999744135e-28,1.535843687507884e-26,1.8333521583754558e-28,6.548711691392863e-29
7.299740420486974,4.2826200198530566e-29,1.5870340629706454e-27,1.4941343281847589e-28,1.528709419046454e-26,1.8203807610615775e-28,6.035470932089791e-29
7.305725545098197,4.2468711307944826e-29,1.5156103069948369e-27,1.4784605563951045e-28,1.5215751505850244e-26,1.8074093637476991e-28,5.678757506993527e-29
7.311710669709418,4.211122241735914e-29,1.4441865510190389e-27,1.4627867846054526e-28,1.5144408821235956e-26,1.7944379664338226e-28,5.322044081897317e-29
7.317695794320642,4.175373352677335e-29,1.3727627950432197e-27,1.4471130128157957e-28,1.503266534054268e-26,1.7814665691199423e-28,4.965330656800999e-29
7.3236809189318635,4.139624463618766e-29,1.3013390390674217e-27,1.4314392410261435e-28,1.4854308626327845e-26,1.768495171806066e-28,4.6895950312822885e-29
7.329666043543086,4.1038755745601924e-29,1.2299152830916133e-27,1.4157654692364891e-28,1.467595191211298e-26,1.7555237744921876e-28,4.648979146049701e-29
7.335651168154309,4.0681266855016183e-29,1.1584915271158048e-27,1.4000916974468348e-28,1.449759519789812e-26,1.741039578780516e-28,4.608363260817113e-29
7.34163629276553,4.03237779644305e-29,1.0870677711400066e-27,1.3844179256571826e-28,1.4319238483683284e-26,1.725433366366119e-28,4.5677473755845317e-29
7.347621417376754,3.9966289073844707e-29,1.0156440151641876e-27,1.368744153867526e-28,1.4140881769468394e-26,1.7098271539517175e-28,4.5271314903519384e-29
7.3536065419879755,3.9608800183259016e-29,9.442202591883894e-28,1.3530703820778738e-28,1.3962525055253558e-26,1.6942209415373206e-28,4.486515605119357e-29
7.359591666599199,3.9251311292673225e-29,8.727965032125704e-28,1.3373966102882172e-28,1.3784168341038668e-26,1.6786147291229193e-28,4.445899719886763e-29
7.365576791210421,3.889382240208754e-29,8.0137274723677245e-28,1.3246868088307042e-28,1.3605811626823833e-26,1.6630085167085224e-28,4.4052838346541816e-29
7.371561915821643,3.85363335115018e-29,7.472718779797581e-28,1.3146256609543562e-28,1.342745491260897e-26,1.6474023042941233e-28,4.3646679494215945e-29
7.377547040432866,3.817884462091606e-29,7.184375427333309e-28,1.3045645130780083e-28,1.3249098198394107e-26,1.631796091879724e-28,4.324052064189007e-29
7.3835321650440875,3.7821355730330374e-29,6.896032074869078e-28,1.294503365201662e-28,1.3070741484179272e-26,1.616189879465327e-28,4.2834361789564254e-29
7.389517289655311,3.7463866839744577e-29,6.607688722404763e-28,1.2844422173253127e-28,1.2892384769964381e-26,1.6005836670509258e-28,4.2428202937238316e-29
7.395502414266533,3.710637794915889e-29,6.319345369940532e-28,1.2743810694489665e-28,1.2714028055749546e-26,1.5849774546365289e-28,4.20220440849125e-29
7.401487538877755,3.674888905857315e-29,6.03100201747626e-28,1.2643199215726185e-28,1.2535671341534683e-26,1.5693712422221295e-28,4.1615885232586624e-29
7.407472663488978,3.6391400167987416e-29,5.742658665011986e-28,1.2542587736962706e-28,1.235731462731982e-26,1.5537650298077304e-28,4.1209726380260753e-29
7.4134577881002,3.6033911277401675e-29,5.454315312547714e-28,1.2441976258199228e-28,1.2178957913104958e-26,1.5381588173933313e-28,4.0803567527934877e-29
7.419442912711423,3.5676422386815934e-29,5.165971960083441e-28,1.234136477943575e-28,1.2000601198890095e-26,1.522552604978932e-28,4.0397408675609e-29
7.425428037322645,3.531893349623025e-29,4.877628607619211e-28,1.2240753300672288e-28,1.1822244484675259e-26,1.5069463925645353e-28,3.9991249823283185e-29
7.431413161933868,3.496144460564446e-29,4.5892852551548945e-28,1.2140141821908794e-28,1.1643887770460369e-26,1.4913401801501338e-28,3.9585090970957247e-29
7.43739828654509,3.4603955715058773e-29,4.3009419026906645e-28,1.203953034314533e-28,1.1465531056245534e-26,1.475733967735737e-28,3.917893211863144e-29
7.443383411156312,3.424646682447303e-29,4.0125985502263915e-28,1.1938918864381851e-28,1.1287174342030671e-26,1.4601277553213378e-28,3.877277326630556e-29
7.449368535767535,3.388897793388729e-29,3.7242551977621185e-28,1.1838307385618373e-28,1.1108817627815808e-26,1.4445215429069387e-28,3.8366614413979685e-29
7.455353660378758,3.353148904330155e-29,3.6212745550050497e-28,1.1737695906854895e-28,1.0925771068565369e-26,1.4289153304925393e-28,3.796045556165381e-29
7.46133878498998,3.317400015271581e-29,3.5279345407803227e-28,1.1637084428091417e-28,1.0735385646554113e-26,1.4133091180781402e-28,3.755429670932793e-29
7.467323909601202,3.2816511262130125e-29,3.434594526555609e-28,1.1536472949327952e-28,1.0545000224542884e-26,1.3984686037732935e-28,3.7148137857002117e-29
7.473309034212425,3.2459022371544333e-29,3.341254512330868e-28,1.1435861470564459e-28,1.03546148025316e-26,1.3880644621464679e-28,3.6741979004676184e-29
7.479294158823647,3.2101533480958643e-29,3.2479144981061543e-28,1.1335249991800996e-28,1.0164229380520371e-26,1.3776603205196453e-28,3.633582015235037e-29
7.48527928343487,3.174404459037291e-29,3.154574483881427e-28,1.1234638513037518e-28,9.973843958509115e-27,1.3672561788928215e-28,3.592966130002449e-29
7.491264408046092,3.1386555699787167e-29,3.0612344696566995e-28,1.113402703427404e-28,9.783458536497859e-27,1.3568520372659974e-28,3.5523502447698616e-29
7.497249532657315,3.102906680920143e-29,2.9678944554319725e-28,1.1057375866676011e-28,9.593073114486601e-27,1.3464478956391733e-28,3.511734359537274e-29
7.503234657268537,3.067157791861569e-29,2.874554441207245e-28,1.0992969275652816e-28,9.402687692475345e-27,1.3360437540123492e-28,3.471118474304687e-29
7.509219781879759,3.0314089028030006e-29,2.7812144269825316e-28,1.092856268462963e-28,9.212302270464117e-27,1.3256396123855267e-28,3.4305025890721054e-29
7.5152049064909825,2.995660013744421e-29,2.6878744127577907e-28,1.0864156093606423e-28,9.021916848452833e-27,1.315235470758701e-28,3.3898867038395115e-29
7.521190031102204,2.9599111246858524e-29,2.594534398533077e-28,1.0799749502583237e-28,8.831531426441605e-27,1.3048313291318785e-28,3.34927081860693e-29
7.527175155713427,2.9241622356272783e-29,2.5011943843083494e-28,1.073534291156004e-28,8.641146004430347e-27,1.2944271875050546e-28,3.3086549333743424e-29
7.533160280324649,2.888413346568704e-29,2.4078543700836224e-28,1.0670936320536844e-28,8.450760582419091e-27,1.2840230458782305e-28,3.268039048141755e-29
7.539145404935871,2.852664457510136e-29,2.314514355858909e-28,1.0606529729513657e-28,8.260375160407864e-27,1.273618904251408e-28,3.227423162909174e-29
7.5451305295470945,2.8169155684515566e-29,2.2211743416341676e-28,1.054212313849045e-28,8.069989738396579e-27,1.2632147626245823e-28,3.18680727767658e-29
7.551115654158316,2.7811666793929876e-29,2.1349521868766457e-28,1.0477716547467264e-28,7.87960431638535e-27,1.2528106209977598e-28,3.1461913924439985e-29
7.55710077876954,2.745417790334409e-29,2.096223300723332e-28,1.0413309956444058e-28,7.689218894374066e-27,1.2424064793709344e-28,3.105575507211405e-29
7.563085903380761,2.70966890127584e-29,2.05749441457003e-28,1.0348903365420871e-28,7.498833472362837e-27,1.2320023377441118e-28,3.064959621978823e-29
7.569071027991984,2.673920012217266e-29,2.018765528416722e-28,1.0284496774397674e-28,7.308448050351581e-27,1.2215981961172877e-28,3.0243437367462355e-29
7.5750561526032065,2.6381711231586924e-29,1.9800366422634144e-28,1.0220090183374478e-28,7.118062628340325e-27,1.2111940544904636e-28,2.9837278515136484e-29
7.581041277214428,2.6024222341001233e-29,1.9413077561101123e-28,1.015568359235129e-28,6.927677206329096e-27,1.2007899128636411e-28,2.943111966281067e-29
7.587026401825652,2.566673345041544e-29,1.9025788699567988e-28,1.0091277001328084e-28,6.737291784317813e-27,1.1903857712368155e-28,2.9024960810484737e-29
7.593011526436873,2.5309244559829757e-29,1.8638499838034968e-28,1.0026870410304898e-28,6.546906362306584e-27,1.1799984672413773e-28,2.8618801958158916e-29
7.598996651048096,2.4951755669244016e-29,1.8251210976501889e-28,9.962463819281701e-29,6.3715407224402486e-27,1.1696118116022702e-28,2.821264310583304e-29
7.6049817756593185,2.4594266778658275e-29,1.786392211496881e-28,9.898057228258505e-29,6.234625716288381e-27,1.159225155963163e-28,2.7806484253507163e-29
7.610966900270541,2.4236777888072537e-29,1.7476633253435733e-28,9.833650637235308e-29,6.097710710136513e-27,1.1488385003240558e-28,2.740032540118129e-29
7.616952024881764,2.3879288997486796e-29,1.7089344391902654e-28,9.770403309134654e-29,5.960795703984646e-27,1.1384518446849485e-28,2.6994166548855416e-29
7.622937149492985,2.3521800106901112e-29,1.6702055530369634e-28,9.708424351260335e-29,5.823880697832798e-27,1.1280651890458429e-28,2.65880076965296e-29
7.628922274104209,2.3164311216315317e-29,1.6314766668836499e-28,9.646445393385998e-29,5.68696569168091e-27,1.1176785334067341e-28,2.618184884420367e-29
7.634907398715431,2.2806822325729633e-29,1.5927477807303478e-28,9.584466435511678e-29,5.550050685529063e-27,1.1072918777676285e-28,2.577568999187785e-29
7.640892523326653,2.2449333435143892e-29,1.55401889457704e-28,9.52248747763735e-29,5.413135679377195e-27,1.0969052221285214e-28,2.5369531139551977e-29
7.646877647937876,2.2091844544558154e-29,1.515290008423732e-28,9.460508519763022e-29,5.276220673225327e-27,1.0865185664894142e-28,2.49633722872261e-29
7.652862772549098,2.1734355653972416e-29,1.4765611222704244e-28,9.398529561888695e-29,5.13930566707346e-27,1.0761319108503068e-28,2.4557213434900224e-29
7.658847897160321,2.1376866763386675e-29,1.4378322361171167e-28,9.336550604014367e-29,5.002390660921592e-27,1.0657452552111997e-28,2.415105458257435e-29
7.664833021771543,2.101937787280099e-29,1.3991033499638147e-28,9.274571646140048e-29,4.865475654769744e-27,1.055358599572094e-28,2.3744895730248535e-29
7.670818146382766,2.0661888982215193e-29,1.3728448565404651e-28,9.21259268826571e-29,4.728560648617856e-27,1.0449719439329854e-28,2.33387368779226e-29
7.676803270993988,2.0304400091629508e-29,1.3587249500176998e-28,9.150613730391391e-29,4.5916456424660095e-27,1.0345852882938798e-28,2.2932578025596785e-29
7.68278839560521,1.9946911201043767e-29,1.3446050434949325e-28,9.088634772517063e-29,4.4547306363141414e-27,1.0241986326547724e-28,2.2526419173270908e-29
7.688773520216433,1.9589422310458026e-29,1.3304851369721651e-28,9.026655814642735e-29,4.317815630162273e-27,1.0138119770156652e-28,2.2120260320945034e-29
7.6947586448276555,1.923193341987229e-29,1.3163652304493978e-28,8.964676856768406e-29,4.180900624010406e-27,1.0034253213765581e-28,2.171410146861916e-29
7.700743769438878,1.887444452928655e-29,1.3022453239266304e-28,8.902697898894078e-29,4.0439856178585384e-27,9.930386657374509e-29,2.1307942616293284e-29
7.7067288940501,1.8516955638700866e-29,1.2881254174038654e-28,8.840718941019759e-29,3.9070706117066904e-27,9.859965131415247e-29,2.090178376396747e-29
7.712714018661323,1.815946674811507e-29,1.274005510881096e-28,8.778739983145422e-29,3.780904161408628e-27,9.793259720638262e-29,2.049562491164153e-29
7.718699143272545,1.7801977857529384e-29,1.2598856043583307e-28,8.716761025271103e-29,3.693299540614152e-27,9.726554309861298e-29,2.0089466059315716e-29
7.7246842678837675,1.7444488966943643e-29,1.2457656978355633e-28,8.654782067396774e-29,3.6056949198196615e-27,9.659848899084323e-29,1.968330720698984e-29
7.73066939249499,1.7087000076357908e-29,1.231645791312796e-28,8.592803109522446e-29,3.518090299025171e-27,9.593143488307348e-29,1.927714835466397e-29
7.736654517106212,1.6729511185772217e-29,1.217525884790031e-28,8.530824151648127e-29,3.430485678230695e-27,9.526438077530383e-29,1.8870989502338154e-29
7.742639641717435,1.6372022295186426e-29,1.2034059782672613e-28,8.46884519377379e-29,3.3428810574361915e-27,9.459732666753399e-29,1.8464830650012216e-29
7.748624766328657,1.601453340460074e-29,1.1892860717444962e-28,8.407942040172762e-29,3.255276436641714e-27,9.393027255976435e-29,1.80586717976864e-29
7.7546098909398795,1.5657044514015e-29,1.1751661652217289e-28,8.367240123452896e-29,3.1676718158472243e-27,9.32632184519946e-29,1.7652512945360524e-29
7.760595015551102,1.529955562342926e-29,1.1610462586989615e-28,8.32653820673303e-29,3.0800671950527344e-27,9.259616434422486e-29,1.7246354093034647e-29
7.766580140162325,1.4942066732843524e-29,1.1469263521761942e-28,8.285836290013164e-29,2.9924625742582442e-27,9.19291102364551e-29,1.6840195240708777e-29
7.772565264773547,1.4584577842257783e-29,1.1328064456534268e-28,8.245134373293297e-29,2.904857953463754e-27,9.126205612868536e-29,1.64340363883829e-29
7.778550389384769,1.4227088951672098e-29,1.1186865391306615e-28,8.204432456573438e-29,2.8172533326692774e-27,9.059500202091572e-29,1.6027877536057085e-29
7.784535513995992,1.3869600061086301e-29,1.1045666326078922e-28,8.163730539853566e-29,2.7296487118747742e-27,8.992794791314587e-29,1.5621718683731147e-29
7.790520638607214,1.3512111170500617e-29,1.090446726085127e-28,8.123028623133705e-29,2.642044091080297e-27,8.926089380537622e-29,1.5215559831405332e-29
7.796505763218437,1.3154622279914876e-29,1.0763268195623597e-28,8.082326706413839e-29,2.554439470285807e-27,8.859383969760647e-29,1.480940097907946e-29
7.802490887829659,1.279713338932914e-29,1.0622069130395924e-28,8.041624789693973e-29,2.4668348494913172e-27,8.792678558983673e-29,1.4403242126753584e-29
7.808476012440882,1.24396444987434e-29,1.048087006516825e-28,8.000922872974108e-29,2.379230228696827e-27,8.725973148206698e-29,1.3997083274427708e-29
7.814461137052104,1.2082155608157659e-29,1.0339670999940577e-28,7.960220956254242e-29,2.2916256079023367e-27,8.659267737429724e-29,1.359092442210183e-29
7.820446261663326,1.1724666717571974e-29,1.0198471934712926e-28,7.919519039534381e-29,2.20402098710786e-27,8.59256232665276e-29,1.3184765569776016e-29
7.82643138627455,1.1367177826986183e-29,1.005727286948523e-28,7.878817122814509e-29,2.119817820511355e-27,8.525856915875775e-29,1.2778606717450084e-29
7.832416510885771,1.1009688936400492e-29,9.966769304110076e-29,7.838115206094649e-29,2.0541501211651066e-27,8.45915150509881e-29,1.2372447865124269e-29
7.838401635496994,1.0652200045814751e-29,9.910861334554026e-29,7.797413289374782e-29,1.9884824218188482e-27,8.392446094321835e-29,1.1966289012798392e-29
7.8443867601082164,1.0294711155229016e-29,9.854953364997976e-29,7.756711372654917e-29,1.92281472247259e-27,8.325740683544861e-29,1.1560130160472516e-29
7.850371884719439,9.937222264643275e-30,9.799045395441927e-29,7.716009455935051e-29,1.8571470231263318e-27,8.259035272767886e-29,1.115397130814664e-29
7.856357009330662,9.579733374057534e-30,9.743137425885878e-29,7.675307539215185e-29,1.7914793237800738e-27,8.192329861990911e-29,1.0747812455820768e-29
7.862342133941883,9.22224448347185e-30,9.687229456329837e-29,7.634605622495324e-29,1.725811624433825e-27,8.125624451213947e-29,1.0341653603494953e-29
7.868327258553107,8.864755592886058e-30,9.631321486773779e-29,7.593903705775452e-29,1.6601439250875574e-27,8.058919040436962e-29,9.935494751169015e-30
7.8743123831643285,8.507266702300368e-30,9.575413517217738e-29,7.553201789055593e-29,1.5944762257413089e-27,8.013304109743982e-29,9.5293358988432e-30
7.880297507775551,8.149777811714633e-30,9.519505547661688e-29,7.513693333301537e-29,1.5288085263950507e-27,7.970944390333471e-29,9.123177046517324e-30
7.886282632386774,7.792288921128892e-30,9.463597578105638e-29,7.479468126180922e-29,1.4631408270487923e-27,7.928584670922959e-29,8.717018194191447e-30
7.892267756997995,7.434800030543207e-30,9.407689608549598e-29,7.445242919060311e-29,1.397473127702544e-27,7.886224951512454e-29,8.310859341865632e-30
7.898252881609219,7.07731113995741e-30,9.35178163899354e-29,7.411017711939691e-29,1.331805428356276e-27,7.843865232101935e-29,7.9047004895397e-30
7.9042380062204405,6.719822249371725e-30,9.295873669437499e-29,7.376792504819082e-29,1.2881459690338253e-27,7.80150551269143e-29,7.498541637213885e-30
7.910223130831664,6.362333358785934e-30,9.239965699881441e-29,7.342567297698461e-29,1.2493102331837178e-27,7.759145793280912e-29,7.092382784887947e-30
7.916208255442886,6.004844468200249e-30,9.184057730325399e-29,7.308342090577851e-29,1.2104744973336218e-27,7.716786073870407e-29,6.686223932562132e-30
7.922193380054108,5.647355577614508e-30,9.12814976076935e-29,7.274116883457236e-29,1.1716387614835202e-27,7.674426354459895e-29,6.280065080236255e-30
7.928178504665331,5.289866687028767e-30,9.072241791213301e-29,7.239891676336621e-29,1.1328030256334185e-27,7.632066635049383e-29,5.873906227910384e-30
7.9341636292765525,4.9323777964430824e-30,9.01633382165726e-29,7.205666469216011e-29,1.0939672897833227e-27,7.589706915638877e-29,5.467747375584569e-30
7.940148753887776,4.574888905857291e-30,8.960425852101202e-29,7.171441262095392e-29,1.0551315539332152e-27,7.54734719622836e-29,5.061588523258631e-30
7.946133878498998,4.217400015271601e-30,8.90451788254516e-29,7.137216054974781e-29,1.0162958180831192e-27,7.504987476817853e-29,4.655429670932816e-30
7.95211900311022,3.85991112468586e-30,8.848609912989111e-29,7.102990847854166e-29,9.774600822330175e-28,7.462627757407342e-29,4.24927081860694e-30
7.958104127721443,3.5024222341001245e-30,8.792701943433061e-29,7.068765640733552e-29,9.386243463829159e-28,7.42026803799683e-29,3.843111966281069e-30
7.964089252332665,3.1449333435143836e-30,8.736793973877012e-29,7.034540433612937e-29,8.997886105328141e-28,7.377908318586318e-29,3.436953113955192e-30
7.970074376943888,2.7874444529286428e-30,8.680886004320963e-29,7.000315226492321e-29,8.609528746827124e-28,7.335548599175806e-29,3.0307942616293156e-30
7.97605950155511,2.429955562342958e-30,8.624978034764921e-29,6.966090019371711e-29,8.221171388326166e-28,7.293188879765301e-29,2.6246354093035007e-30
7.982044626166333,2.0724666717571666e-30,8.569070065208863e-29,6.931864812251091e-29,7.832814029825091e-28,7.250829160354783e-29,2.2184765569775625e-30
7.988029750777555,1.7149777811714762e-30,8.513162095652822e-29,6.897639605130482e-29,7.444456671324132e-28,7.208469440944278e-29,1.8123177046517476e-30
7.994014875388777,1.357488890585741e-30,8.457254126096772e-29,6.863414398009866e-29,7.0560993128231145e-28,7.166109721533766e-29,1.4061588523258766e-30
8.0,9.999999999999999e-31,8.401346156540724e-29,6.829189190889251e-29,6.667741954322098e-28,7.123750002123254e-29,9.999999999999999e-31
